{
  "accuracy": 0.6361655773420479,
  "macro_f1": 0.6012321460767356,
  "accuracy_ci": [
    0.6224346405228759,
    0.6498910675381263
  ],
  "macro_f1_ci": [
    0.5847167396247483,
    0.6161964160215707
  ],
  "model": "tfidf_logreg"
}