{
  "accuracy": 0.7152505446623094,
  "macro_f1": 0.6843487440364359,
  "accuracy_ci": [
    0.7026089324618736,
    0.7276742919389978
  ],
  "macro_f1_ci": [
    0.6692870431109375,
    0.6992045716120372
  ],
  "model": "distilbert"
}